file_name,total_packet,gen_time
"train_1","415","0.23285651206970215"
"train_2","880","0.2538447380065918"
"train_3","1320","0.30980920791625977"
