file_name,model_name,train_time,train_accuracy,train_loss
train_1,model_1,2.068983316421509,1.0,0.00018704637389977923
train_2,model_2,1.4780869483947754,1.0,6.944678201069688e-05
train_3,model_3,1.9837749004364014,1.0,5.9580130993151495e-05
